time,latitude,longitude,depth,mag,magType,nst,gap,dmin,rms,net,id,updated,place,type,horizontalError,depthError,magError,magNst,status,locationSource,magSource
"2017-04-24T07:13:25.177Z,61.0881,-151.2373,80.3,2.7,ml,,,,0.58,ak,ak15806044,2017-04-24T07:25:51.623Z,""44km N of Nikiski, Alaska"",earthquake,,0.4,,,automatic,ak,ak"
"2017-04-24T06:13:51.650Z,-0.0997,125.2117,60.68,5.3,mb,,44,2.322,1.07,us,us10008k7d,2017-04-24T06:33:30.040Z,""128km SE of Modayag, Indonesia"",earthquake,7.1,6.3,0.043,185,reviewed,us,us"
"2017-04-24T03:54:10.510Z,-33.1072,-72.1349,19.79,4.5,mwr,,70,0.426,0.7,us,us10008k6u,2017-04-24T04:40:12.896Z,""47km W of Valparaiso, Chile"",earthquake,3.7,4,0.036,75,reviewed,us,us"
"2017-04-24T03:50:50.520Z,-33.074,-72.1341,18.74,4.3,mwr,,138,0.42,0.76,us,us10008k6g,2017-04-24T04:44:50.051Z,""47km W of Valparaiso, Chile"",earthquake,4.2,4.1,0.036,73,reviewed,us,us"
"2017-04-24T03:25:10.250Z,59.2858,-154.0354,131,2.7,ml,,,,0.76,ak,ak15805271,2017-04-24T03:34:47.368Z,""71km SE of Old Iliamna, Alaska"",earthquake,,0.5,,,automatic,ak,ak"
"2017-04-24T03:24:02.610Z,10.8445,-86.4606,20.23,4.9,mb,,158,0.86,1.26,us,us10008k6d,2017-04-24T03:57:37.611Z,""78km SW of San Juan del Sur, Nicaragua"",earthquake,5,6,0.029,380,reviewed,us,us"
"2017-04-24T02:15:36.790Z,-16.2262,-72.2086,146.81,4.1,mb,,141,2.78,0.8,us,us10008k60,2017-04-24T02:57:41.040Z,""31km SW of Lluta, Peru"",earthquake,10.9,16,0.262,4,reviewed,us,us"
"2017-04-24T01:19:40.910Z,-33.1035,-72.0959,19.56,4,mwr,,137,0.393,0.63,us,us10008k5g,2017-04-24T04:14:49.096Z,""44km W of Valparaiso, Chile"",earthquake,2.1,4.3,0.039,63,reviewed,us,us"
"2017-04-23T21:42:14.048Z,59.9603,-146.68,14.2,3,ml,,,,0.78,ak,ak15803599,2017-04-23T21:50:48.925Z,""61km NNW of Middleton Island, Alaska"",earthquake,,0.5,,,automatic,ak,ak"
"2017-04-23T19:40:09.840Z,-33.0437,-72.1484,15.96,5.6,mww,,69,0.429,0.94,us,us10008k2i,2017-04-24T04:06:13.653Z,""48km W of Valparaiso, Chile"",earthquake,4.9,4.3,0.069,20,reviewed,us,us"
"2017-04-23T18:56:01.680Z,34.4235,-119.6438333,10.93,3.12,ml,75,56,0.06123,0.26,ci,ci37865288,2017-04-24T07:19:34.935Z,""2km SW of Montecito, CA"",earthquake,0.22,0.41,0.121,283,reviewed,ci,ci"
"2017-04-23T18:01:15.450Z,-7.7779,108.0156,97.7,5.1,mb,,45,2.487,1.25,us,us10008k20,2017-04-24T03:20:38.550Z,""3km S of Cipatujah Selatan, Indonesia"",earthquake,8,6.7,0.067,73,reviewed,us,us"
"2017-04-23T17:55:55.630Z,34.4165001,-119.6463318,12.87,3.55,mlr,61,62,,0.29,ci,ci37865280,2017-04-24T06:12:06.392Z,""3km SSW of Montecito, CA"",earthquake,0.35,0.6,0.301,20,reviewed,ci,ci"
"2017-04-23T16:39:53.390Z,-34.9952,-111.0851,10,4.7,mb,,187,38.856,0.56,us,us10008k1r,2017-04-23T18:45:51.040Z,""Southern East Pacific Rise"",earthquake,20.8,2,0.061,80,reviewed,us,us"
"2017-04-23T16:12:53.440Z,-32.9633,-71.9895,21.28,4.1,mwr,,69,0.301,0.83,us,us10008k1k,2017-04-24T00:40:38.080Z,""34km WNW of Valparaiso, Chile"",earthquake,4.8,4.9,0.037,69,reviewed,us,us"
"2017-04-23T15:51:31.270Z,13.6769,-89.1965,10,3.3,ml,,171,0.035,0.8,us,us10008k4n,2017-04-24T04:48:27.158Z,""1km SW of San Salvador, El Salvador"",earthquake,3.3,2,0.088,17,reviewed,us,us"
"2017-04-23T13:21:03.690Z,-23.7031,-179.9352,528.3,4.7,mb,,107,6.22,0.94,us,us10008k0t,2017-04-23T14:04:43.040Z,""South of the Fiji Islands"",earthquake,10.5,7.1,0.072,58,reviewed,us,us"
"2017-04-23T10:09:18.160Z,37.2049,141.2148,38.62,4.4,mb,,142,0.744,0.98,us,us10008jzu,2017-04-23T23:00:07.618Z,""34km ENE of Iwaki, Japan"",earthquake,5.4,6.8,0.076,50,reviewed,us,us"
"2017-04-23T06:37:08.520Z,46.1977,142.1588,10,5.1,mb,,89,0.867,0.71,us,us10008jyr,2017-04-23T23:21:01.800Z,""34km SE of Shebunino, Russia"",earthquake,4.8,1.6,0.028,416,reviewed,us,us"
"2017-04-23T05:55:22.973Z,59.6904,-153.3747,106.4,3,ml,,,,0.68,ak,ak15800108,2017-04-23T06:06:33.690Z,""87km W of Anchor Point, Alaska"",earthquake,,0.4,,,automatic,ak,ak"
"2017-04-23T05:21:33.530Z,-6.4787,153.2782,10,5.1,mb,,48,2.529,0.61,us,us10008jy5,2017-04-23T05:39:45.040Z,""224km S of Taron, Papua New Guinea"",earthquake,6.4,1.8,0.05,128,reviewed,us,us"
"2017-04-23T04:25:35.740Z,41.9584,15.8356,18.85,4,mb,,58,0.214,1.08,us,us10008jxf,2017-04-23T07:40:01.649Z,""5km NW of Rodi Garganico, Italy"",earthquake,5.1,7.2,0.184,8,reviewed,us,us"
"2017-04-23T03:35:20.575Z,59.6636,-152.9368,96.6,3.3,ml,,,,0.66,ak,ak15799509,2017-04-23T03:49:54.002Z,""63km W of Anchor Point, Alaska"",earthquake,,0.3,,,automatic,ak,ak"
"2017-04-23T03:19:10.992Z,60.9809,-147.1388,11.1,2.5,ml,,,,0.64,ak,ak15799482,2017-04-23T03:27:26.432Z,""45km WSW of Valdez, Alaska"",earthquake,,0.3,,,automatic,ak,ak"
"2017-04-23T03:02:16.640Z,-33.0709,-72.029,17.26,4.9,mb,,68,0.332,0.56,us,us10008jwn,2017-04-24T00:40:27.193Z,""37km W of Valparaiso, Chile"",earthquake,4.6,2.5,0.081,50,reviewed,us,us"
"2017-04-23T03:00:10.450Z,-33.0754,-72.1845,5.68,4.8,mb,,87,0.462,0.82,us,us10008jw9,2017-04-24T00:39:37.808Z,""52km W of Valparaiso, Chile"",earthquake,2.8,5.5,0.09,38,reviewed,us,us"
"2017-04-23T02:54:32.590Z,18.2596,-67.9848,161,3.7,md,9,328,0.898,0.45,pr,pr2017113000,2017-04-23T15:44:41.366Z,""56km SE of Punta Cana, Dominican Republic"",earthquake,5.6,2.92,0.18,9,reviewed,pr,pr"
"2017-04-23T02:52:37.950Z,-33.0335,-71.9963,19.89,4.8,mb,,134,0.301,0.94,us,us10008jvx,2017-04-24T00:38:56.413Z,""34km W of Valparaiso, Chile"",earthquake,4.5,4.6,0.071,66,reviewed,us,us"
"2017-04-23T02:43:18.680Z,-33.0192,-71.96,21.25,4.8,mwr,,143,0.271,0.62,us,us10008jw7,2017-04-24T00:38:30.427Z,""31km W of Valparaiso, Chile"",earthquake,4.2,3,0.055,32,reviewed,us,us"
"2017-04-23T02:36:05.920Z,-33.0393,-72.085,9.78,5.9,mwp,,61,0.376,0.97,us,us10008jvr,2017-04-24T03:48:56.350Z,""42km W of Valparaiso, Chile"",earthquake,2.8,4.1,,,reviewed,us,us"
"2017-04-23T01:52:19.720Z,10.8038,-62.3022,77.87,4.7,mb,,50,1.465,1.41,us,us10008jv5,2017-04-24T02:39:24.747Z,""24km N of Gueiria, Venezuela"",earthquake,4,8.4,0.055,102,reviewed,us,us"
"2017-04-23T01:49:12.910Z,-33.0129,-72.0114,24.83,4.5,mwr,,233,0.314,0.98,us,us10008jv4,2017-04-24T00:37:59.537Z,""36km W of Valparaiso, Chile"",earthquake,7.1,8.9,0.035,79,reviewed,us,us"
"2017-04-23T01:47:45.230Z,33.3745003,-116.2829971,11.04,3.06,ml,100,27,0.08503,0.18,ci,ci37864616,2017-04-23T15:49:03.915Z,""16km NNE of Borrego Springs, CA"",earthquake,0.19,0.48,0.259,16,automatic,ci,ci"
"2017-04-23T01:19:47.780Z,9.251,126.3019,62.82,5.3,mb,,87,2.282,1.14,us,us10008jux,2017-04-23T01:37:58.057Z,""12km E of Burgos, Philippines"",earthquake,8.6,6.5,0.04,213,reviewed,us,us"
"2017-04-23T00:48:17.760Z,36.0758324,-120.6486664,5.57,2.48,md,10,149,0.04309,0.15,nc,nc72792546,2017-04-23T01:08:01.434Z,""26km WSW of Coalinga, California"",earthquake,1.97,1.99,0.29,5,automatic,nc,nc"
"2017-04-22T23:57:11.710Z,-33.0285,-72.1486,19.48,4.2,mwr,,172,0.429,0.79,us,us10008jum,2017-04-23T03:01:26.940Z,""48km W of Valparaiso, Chile"",earthquake,3.6,5.7,0.037,72,reviewed,us,us"
"2017-04-22T22:46:42.810Z,-32.9719,-72.1389,10.6,4.9,mwr,,69,0.424,1.08,us,us10008juc,2017-04-23T03:47:44.215Z,""48km W of Valparaiso, Chile"",earthquake,4.3,4.1,0.032,95,reviewed,us,us"
"2017-04-22T22:33:20.700Z,-21.3452,-176.6814,251.22,4.7,mb,,80,6.121,1.09,us,us10008jua,2017-04-22T22:49:47.040Z,""153km W of Havelu, Tonga"",earthquake,11.2,8.2,0.059,86,reviewed,us,us"
"2017-04-22T21:34:36.870Z,19.136,-66.1186,16,2.72,md,9,257,0.9031,0.21,pr,pr2017112017,2017-04-23T02:22:01.274Z,""74km N of San Juan, Puerto Rico"",earthquake,2.38,5.69,0.15,4,reviewed,pr,pr"
"2017-04-22T21:26:58.180Z,31.4945,104.1501,10,4.8,mb,,44,11.323,0.52,us,us10008ju1,2017-04-22T21:46:30.040Z,""17km NNW of Jiannan, China"",earthquake,8,1.5,0.064,74,reviewed,us,us"
"2017-04-22T19:57:36.510Z,36.1143341,-120.0824966,9.05,2.62,md,46,160,0.05756,0.11,nc,nc72792476,2017-04-22T20:52:03.114Z,""9km S of Huron, California"",earthquake,0.42,0.3,0.14,35,automatic,nc,nc"
"2017-04-22T19:41:43.750Z,36.1231651,-120.0733337,9.82,3.38,ml,65,74,0.06862,0.15,nc,nc72792471,2017-04-22T20:37:02.075Z,""9km SSE of Huron, California"",earthquake,0.4,0.46,0.196,9,automatic,nc,nc"
"2017-04-22T19:37:37.090Z,29.698,67.3997,17.68,4.3,mb,,122,5.025,1.2,us,us10008jtj,2017-04-22T21:56:21.040Z,""19km SSE of Mach, Pakistan"",earthquake,9.4,5.5,0.117,21,reviewed,us,us"
"2017-04-22T19:33:12.760Z,18.7211,-64.2005,24,2.5,md,3,346,127.42,0.03,pr,pr2017112015,2017-04-23T01:35:20.852Z,""55km NE of Road Town, British Virgin Islands"",earthquake,2.64,8.02,0.47,2,reviewed,pr,pr"
"2017-04-22T19:27:08.810Z,-55.6801,146.9901,10,4.6,mb,,90,16.416,0.41,us,us10008jtg,2017-04-22T21:38:01.040Z,""West of Macquarie Island"",earthquake,12.8,1.9,0.095,33,reviewed,us,us"
"2017-04-22T17:55:48.150Z,-5.1295,153.104,51.75,4.8,mb,,45,1.321,0.43,us,us10008jt3,2017-04-22T20:42:28.040Z,""73km S of Taron, Papua New Guinea"",earthquake,7,7.6,0.071,62,reviewed,us,us"
"2017-04-22T17:48:41.210Z,40.11,-108.8413333,6.43,3.74,ml,21,97,0.4605,0.19,uu,uu60194797,2017-04-24T02:32:31.390Z,""5km WNW of Rangely, Colorado"",earthquake,0.41,1.18,0.202,26,reviewed,uu,uu"
"2017-04-22T17:26:16.560Z,-4.1959,140.1519,26.01,4.4,mb,,165,7.989,1.07,us,us10008jt0,2017-04-22T18:27:04.040Z,""179km SSW of Abepura, Indonesia"",earthquake,7,6.6,0.12,22,reviewed,us,us"
"2017-04-22T15:18:04.330Z,17.8828,-65.6345,12,2.57,md,4,284,25.246,0.03,pr,pr2017112012,2017-04-22T21:42:22.269Z,""28km SE of El Negro, Puerto Rico"",earthquake,0.79,0.47,0.02,2,reviewed,pr,pr"
"2017-04-22T14:54:52.020Z,36.6974,-97.6742,4.14,3.4,mb_lg,,50,0.214,0.11,us,us10008js4,2017-04-23T12:35:56.166Z,""13km SSE of Medford, Oklahoma"",earthquake,1.2,4.2,0.048,114,reviewed,us,us"
"2017-04-22T14:47:22.680Z,36.6988,-97.6734,5,2.7,mb_lg,,50,0.213,0.14,us,us10008jrz,2017-04-23T12:41:41.568Z,""13km SSE of Medford, Oklahoma"",earthquake,1,1.9,0.08,41,reviewed,us,us"
"2017-04-22T14:23:01.462Z,60.3017,-151.2858,45.9,2.6,ml,,,,0.67,ak,ak15798262,2017-04-22T14:29:39.462Z,""7km S of Cohoe, Alaska"",earthquake,,1.4,,,automatic,ak,ak"
"2017-04-22T11:54:01.820Z,18.4341,-66.3373,106,3.14,md,13,180,0.2829,0.22,pr,pr2017112009,2017-04-23T02:25:53.373Z,""1km SE of Ceiba, Puerto Rico"",earthquake,1.94,0.98,0.08,9,reviewed,pr,pr"
"2017-04-22T10:25:05.670Z,18.823,-155.2671661,11.58,2.63,ml,52,266,0.3747,0.29,hv,hv61708946,2017-04-22T10:30:46.470Z,""47km SSE of Pahala, Hawaii"",earthquake,1.58,1.96,0.65,8,automatic,hv,hv"
"2017-04-22T09:39:09.270Z,-5.3996,152.2923,35,4.7,mb,,110,1.207,0.6,us,us10008jra,2017-04-22T10:24:57.040Z,""115km S of Kokopo, Papua New Guinea"",earthquake,7.3,1.9,0.07,61,reviewed,us,us"
"2017-04-22T08:55:43.410Z,19.1998329,-155.4118347,33.76,2.49,md,50,163,0.03985,0.15,hv,hv61708736,2017-04-22T08:58:56.450Z,""7km E of Pahala, Hawaii"",earthquake,0.52,0.62,0.12,22,automatic,hv,hv"
"2017-04-22T08:13:48.742Z,62.1465,-149.8678,44.2,2.9,ml,,,,0.79,ak,ak15798088,2017-04-22T20:09:58.711Z,""5km WSW of Y, Alaska"",earthquake,,0.3,,,reviewed,ak,ak"
"2017-04-22T07:12:49.990Z,-22.1099,-68.7169,124.35,4.5,mb,,32,0.531,0.73,us,us10008jqs,2017-04-22T07:27:56.040Z,""45km NNE of Calama, Chile"",earthquake,3.7,7.2,0.156,12,reviewed,us,us"
"2017-04-22T06:39:41.390Z,19.1025,-64.7895,33,3.29,md,6,298,102.9,0.27,pr,pr2017112007,2017-04-23T06:37:54.040Z,""74km NNW of Road Town, British Virgin Islands"",earthquake,4.23,18.48,0.1,5,reviewed,pr,pr"
"2017-04-22T05:16:41.910Z,19.2031,-66.5576,35,3.09,md,12,269,79.92,0.28,pr,pr2017112003,2017-04-23T06:40:14.040Z,""83km NNE of Arecibo, Puerto Rico"",earthquake,1.59,8.57,0.11,9,reviewed,pr,pr"
"2017-04-22T04:01:41.660Z,37.2455,-109.5683333,8.78,3.75,ml,11,167,0.8546,0.14,uu,uu60194762,2017-04-22T23:47:23.347Z,""31km S of Blanding, Utah"",earthquake,0.86,1.34,0.063,7,reviewed,uu,uu"
"2017-04-22T02:35:15.620Z,-19.2276,-176.4871,76.12,4.5,mb,,123,5.387,0.7,us,us10008jqc,2017-04-22T03:46:30.040Z,""233km WNW of Pangai, Tonga"",earthquake,5.5,6.7,0.092,35,reviewed,us,us"
"2017-04-22T02:09:50.020Z,18.6256,-64.2123,59,2.91,md,5,344,122.81,0.29,pr,pr2017112001,2017-04-22T15:02:55.707Z,""48km ENE of Road Town, British Virgin Islands"",earthquake,9.49,4.26,0.42,4,reviewed,pr,pr"
"2017-04-22T00:59:37.030Z,60.2699,-150.785,33.5,2.7,ml,,,,0.86,ak,ak15797409,2017-04-23T00:38:29.040Z,""28km SSE of Soldotna, Alaska"",earthquake,,0.5,,,automatic,ak,ak"
"2017-04-22T00:02:20.720Z,32.4371667,-115.5366667,4.32,2.68,ml,22,125,0.1967,0.35,ci,ci37863424,2017-04-23T09:22:49.409Z,""16km SSE of Progreso, B.C., MX"",earthquake,0.96,3.85,0.199,26,automatic,ci,ci"
"2017-04-21T22:50:14.530Z,-8.327,119.7472,189.11,4.3,mb,,68,2.482,1,us,us10008jp1,2017-04-21T23:07:22.040Z,""23km NW of Cempa, Indonesia"",earthquake,7.4,9.2,0.129,17,reviewed,us,us"
"2017-04-21T21:12:02.260Z,18.8061,-64.6676,29,2.89,md,5,307,87.087,0.12,pr,pr2017111007,2017-04-22T01:28:01.385Z,""43km N of Road Town, British Virgin Islands"",earthquake,2.9,8.6,0.53,4,reviewed,pr,pr"
"2017-04-21T21:00:57.194Z,63.0206,-151.0266,112,2.9,ml,,,,0.58,ak,ak15796869,2017-04-23T00:46:18.040Z,""90km NNW of Talkeetna, Alaska"",earthquake,,0.5,,,automatic,ak,ak"
"2017-04-21T20:49:03.450Z,-9.5542,112.9806,47.93,4.4,mb,,122,1.58,0.97,us,us10008jn8,2017-04-22T14:49:13.040Z,""130km SSE of Krajan Tambakrejo, Indonesia"",earthquake,7.4,9.2,0.094,34,reviewed,us,us"
"2017-04-21T16:58:20.350Z,0.8115,-85.3057,41.06,5.4,mb,,95,5.194,1.16,us,us10008jlu,2017-04-21T17:16:47.040Z,""Off the coast of Ecuador"",earthquake,5.9,7.8,0.092,40,reviewed,us,us"
"2017-04-21T15:06:49.750Z,-8.6775,118.8075,134.25,4.2,mb,,72,3.391,1.2,us,us10008jjc,2017-04-21T15:28:13.040Z,""2km NNE of Waworada, Indonesia"",earthquake,8.1,7.8,0.108,24,reviewed,us,us"
"2017-04-21T14:39:19.700Z,18.9025,-64.6337,35,2.5,Md,4,309.6,0.58300662,0.07,pr,pr17111006,2017-04-21T15:05:49.044Z,""53km N of Road Town, British Virgin Islands"",earthquake,2.5,6.5,0,4,reviewed,pr,pr"
"2017-04-21T14:16:02.700Z,18.899,-65.2366,48,3,Md,3,320.4,0.58929483,0.2,pr,pr17111004,2017-04-21T14:56:42.685Z,""66km N of Culebra, Puerto Rico"",earthquake,3.8,7.1,0,3,reviewed,pr,pr"
"2017-04-21T14:12:22.390Z,38.6627,27.663,10,4.9,mb,,35,0.722,1.32,us,us10008jiy,2017-04-22T04:46:38.793Z,""11km SE of Saruhanli, Turkey"",earthquake,4.2,1.4,0.087,41,reviewed,us,us"
"2017-04-21T13:09:22.040Z,38.7566,29.072,10,5,mb,,36,0.482,1.13,us,us10008ji3,2017-04-22T04:46:21.775Z,""17km E of Selendi, Turkey"",earthquake,3.1,1.9,0.089,40,reviewed,us,us"
"2017-04-21T12:26:14.671Z,59.8488,-153.8298,154.7,3.1,ml,,,,0.56,ak,ak15796216,2017-04-21T18:14:05.922Z,""62km E of Old Iliamna, Alaska"",earthquake,,0.5,,,reviewed,ak,ak"
"2017-04-21T12:26:00.576Z,60.3216,-151.9325,194,3.1,ml,,,,0.9,ak,ak15796217,2017-04-21T12:32:27.978Z,""34km W of Cohoe, Alaska"",earthquake,,1.2,,,automatic,ak,ak"
"2017-04-21T12:13:15.190Z,-48.2954,-75.8313,10,4.4,mb,,220,2.189,0.65,us,us10008jhz,2017-04-21T13:11:09.040Z,""270km WSW of Cochrane, Chile"",earthquake,9.4,2,0.162,11,reviewed,us,us"
"2017-04-21T10:38:46.523Z,40.781,-115.7844,16.9,2.5,ml,12,131.71,0.415,0.2531,nn,nn00586610,2017-04-24T04:50:44.462Z,""5km SSW of Elko, Nevada"",earthquake,,4.9,0.2,9,reviewed,nn,nn"
"2017-04-21T10:34:59.060Z,-4.7115,153.2998,63.26,5,mb,,52,1.245,0.69,us,us10008jh4,2017-04-21T10:53:19.040Z,""40km SE of Taron, Papua New Guinea"",earthquake,8.5,7,0.054,112,reviewed,us,us"
"2017-04-21T10:16:01.760Z,15.033,-60.5458,50.9,4.3,mb,,149,0.409,0.75,us,us10008jhi,2017-04-21T13:48:39.040Z,""55km ENE of Sainte-Marie, Martinique"",earthquake,6.1,9,0.094,32,reviewed,us,us"
"2017-04-21T06:41:07.780Z,33.5525,-82.1045,8.23,2.52,md,12,78,0.4558,0.17,se,se60036903,2017-04-22T12:56:29.819Z,""3km NE of Evans, Georgia"",earthquake,0.5,2.83,0.039,6,reviewed,se,se"
"2017-04-21T06:38:31.000Z,45.99,-75.61,18,2.8,mb_lg,,,,0.71,us,us10008jqj,2017-04-23T22:09:03.991Z,""38km N of Val-des-Monts, Canada"",earthquake,3,1.6,,,reviewed,ott,ott"
"2017-04-21T06:12:06.100Z,-9.0298,-75.8986,48.87,4.1,mb,,135,3.082,1.26,us,us10008jj2,2017-04-22T05:46:18.040Z,""31km NNE of Tingo Maria, Peru"",earthquake,9.4,12.8,0.213,6,reviewed,us,us"
"2017-04-21T05:25:55.570Z,40.5163333,-124.4028333,16.45,2.64,md,21,237,0.06436,0.12,nc,nc72791626,2017-04-24T04:35:23.129Z,""13km WSW of Ferndale, California"",earthquake,0.6,0.37,0.124,33,reviewed,nc,nc"
"2017-04-21T04:48:42.790Z,-17.2808,-174.0735,130.23,4.4,mb,,65,4.016,0.91,us,us10008jg1,2017-04-21T05:25:59.040Z,""151km N of Neiafu, Tonga"",earthquake,4.7,8.3,0.1,29,reviewed,us,us"
"2017-04-21T04:44:19.446Z,51.9115,-173.1741,43.3,3,ml,,,,0.72,ak,ak15795888,2017-04-21T17:38:39.183Z,""77km ESE of Atka, Alaska"",earthquake,,9.4,,,reviewed,ak,ak"
"2017-04-21T04:00:29.580Z,-2.1425,99.6746,27.15,5.3,mb,,59,2.806,0.64,us,us10008jfy,2017-04-21T12:02:57.072Z,""79km SE of Muara Siberut, Indonesia"",earthquake,2.9,5.3,0.058,101,reviewed,us,us"
"2017-04-21T02:36:56.346Z,61.4965,-151.9366,16.5,3.1,ml,,,,0.98,ak,ak15795756,2017-04-21T17:07:19.162Z,""96km NNW of Nikiski, Alaska"",earthquake,,0.1,,,reviewed,ak,ak"
"2017-04-21T02:25:12.940Z,38.7918333,-122.7778333,3.68,2.49,md,78,48,0.007995,0.06,nc,nc72791586,2017-04-22T04:45:42.227Z,""2km NW of The Geysers, California"",earthquake,0.12,0.17,0.196,57,reviewed,nc,nc"
"2017-04-21T00:55:45.180Z,42.5585,75.122,7.55,4.2,mb,,58,0.443,1.24,us,us10008jfb,2017-04-23T00:53:22.531Z,""31km SSW of Staraya Pokrovka, Kyrgyzstan"",earthquake,3.9,5.5,0.167,10,reviewed,us,us"
"2017-04-21T00:41:54.340Z,42.5761,75.1387,9.74,4.2,mb,,58,0.444,1.38,us,us10008jf7,2017-04-23T00:58:22.797Z,""29km SSW of Staraya Pokrovka, Kyrgyzstan"",earthquake,2.3,4.7,0.141,14,reviewed,us,us"
"2017-04-21T00:07:04.730Z,-10.9055,164.6368,10,4.7,mb,,113,4.841,0.95,us,us10008jf4,2017-04-21T00:31:03.040Z,""132km W of Lata, Solomon Islands"",earthquake,9.3,1.2,0.07,62,reviewed,us,us"
"2017-04-20T23:24:48.050Z,18.2078,-69.3757,58.02,4.2,mb,,56,0.573,0.84,us,us10008jet,2017-04-23T05:46:34.038Z,""29km SSW of San Pedro de Macoris, Dominican Republic"",earthquake,5.5,11,0.092,33,reviewed,us,us"
"2017-04-20T22:59:22.960Z,-20.5682,-173.6444,10,5.4,mb,,77,3.801,1.13,us,us10008jeq,2017-04-24T00:14:09.040Z,""112km SE of Pangai, Tonga"",earthquake,6.7,1.7,0.041,202,reviewed,us,us"
"2017-04-20T22:37:37.700Z,19.1184,-65.3322,35,3.3,Md,10,262.8,0.80758544,0.21,pr,pr17110009,2017-04-23T00:59:51.040Z,""89km N of Culebra, Puerto Rico"",earthquake,2.2,11.3,0,8,reviewed,pr,pr"
"2017-04-20T22:04:15.390Z,-36.3696,-98.4769,10,5.1,mb,,78,13.075,1.12,us,us10008jej,2017-04-24T00:08:03.040Z,""Southeast of Easter Island"",earthquake,12.3,1.8,0.04,197,reviewed,us,us"
"2017-04-20T21:24:26.920Z,-27.5237,-67.2518,114.28,5.2,mwr,,28,1.808,1.34,us,us10008je7,2017-04-20T22:31:59.040Z,""23km W of La Puerta de San Jose, Argentina"",earthquake,5.9,2.8,0.071,19,reviewed,us,us"
"2017-04-20T21:13:35.000Z,17.5071,-101.7408,10,4.5,mb,,183,2.183,0.85,us,us10008je0,2017-04-23T21:55:05.167Z,""20km SSW of Ixtapa, Mexico"",earthquake,8.8,1.9,0.034,258,reviewed,us,us"
"2017-04-20T20:00:26.310Z,19.3976667,-155.4488333,7.286,2.55,ml,51,34,0.02667,0.12,hv,hv61706521,2017-04-21T00:49:32.570Z,""22km W of Volcano, Hawaii"",earthquake,0.31,0.88,0.184,31,reviewed,hv,hv"
"2017-04-20T18:41:41.000Z,17.3283,-68.0746,87,3.4,Md,8,273.6,1.14086041,0.46,pr,pr17110007,2017-04-20T20:08:24.040Z,""123km SW of Pole Ojea, Puerto Rico"",earthquake,6.3,8.8,0,5,reviewed,pr,pr"
"2017-04-20T18:35:32.970Z,34.0356667,-117.2396667,17.83,2.46,ml,125,15,0.03348,0.17,ci,ci37862624,2017-04-20T21:04:11.253Z,""2km SE of Loma Linda, CA"",earthquake,0.11,0.22,0.174,144,reviewed,ci,ci"
"2017-04-20T18:27:47.620Z,36.2883,70.2457,110.19,4.1,mb,,168,0.876,0.5,us,us10008jch,2017-04-20T18:40:12.040Z,""46km SE of Farkhar, Afghanistan"",earthquake,7.9,5,0.522,1,reviewed,us,us"
"2017-04-20T18:13:28.770Z,-8.7155,122.356,142.18,4.3,mb,,135,0.141,1.7,us,us10008jca,2017-04-20T18:34:45.040Z,""0km SE of Kloangpopot, Indonesia"",earthquake,11.1,5.9,0.16,11,reviewed,us,us"
"2017-04-20T18:00:14.511Z,52.8872,-167.3853,49.7,2.5,ml,,,,0.54,ak,ak15794997,2017-04-20T22:23:53.654Z,""99km E of Nikolski, Alaska"",earthquake,,5.2,,,reviewed,ak,ak"
"2017-04-20T17:43:43.960Z,49.2067,156.0912,46.26,4.5,mb,,169,4.035,0.81,us,us10008jc2,2017-04-20T18:31:45.040Z,""163km S of Severo-Kuril'sk, Russia"",earthquake,11.2,8.3,0.068,63,reviewed,us,us"
"2017-04-20T16:54:04.260Z,-1.1613,119.9375,40.86,4.6,mb,,86,2.409,0.79,us,us10008jbx,2017-04-21T15:02:33.040Z,""30km SSE of Palu, Indonesia"",earthquake,6.8,7.6,0.071,59,reviewed,us,us"
"2017-04-20T16:10:41.000Z,19.0744,-67.7494,12,2.9,Md,12,248.4,0.81746691,0.2,pr,pr17110008,2017-04-21T14:52:53.040Z,""83km NE of Punta Cana, Dominican Republic"",earthquake,2.9,3.4,0,6,reviewed,pr,pr"
"2017-04-20T16:02:43.600Z,17.7928,-64.1116,38,3.4,Md,12,331.2,0.62432912,0.91,pr,pr17110004,2017-04-21T14:41:36.040Z,""59km SE of Road Town, British Virgin Islands"",earthquake,10.3,17.8,0,4,reviewed,pr,pr"
"2017-04-20T16:01:22.820Z,49.2539,156.0604,40.08,4.6,mb,,135,3.994,0.74,us,us10008j9k,2017-04-21T14:34:20.040Z,""158km S of Severo-Kuril'sk, Russia"",earthquake,8.7,3.1,0.045,150,reviewed,us,us"
"2017-04-20T15:34:11.500Z,19.1273,-64.7375,37,2.8,Md,6,302.4,0.79141577,0.15,pr,pr17110006,2017-04-21T14:18:13.040Z,""85km N of Road Town, British Virgin Islands"",earthquake,3.2,11.4,0,4,reviewed,pr,pr"
"2017-04-20T15:20:43.000Z,49.2638,156.0319,37.69,5.1,mb,,82,3.989,0.73,us,us10008j9d,2017-04-21T13:45:13.040Z,""157km S of Severo-Kuril'sk, Russia"",earthquake,8.8,5.8,0.031,344,reviewed,us,us"
"2017-04-20T14:54:54.830Z,34.2478333,-116.8361667,-1.07,3.1,ml,116,23,0.07153,0.15,ci,ci37862576,2017-04-21T04:30:31.769Z,""2km SSE of Big Bear City, CA"",earthquake,0.09,0.22,0.177,290,reviewed,ci,ci"
"2017-04-20T14:04:03.841Z,65.2603,-151.1647,13.6,2.6,ml,,,,0.83,ak,ak15794886,2017-04-20T14:12:21.119Z,""38km NW of Manley Hot Springs, Alaska"",earthquake,,0.3,,,automatic,ak,ak"
"2017-04-20T13:38:15.450Z,36.3522,-98.1642,8.74,3.1,mb_lg,,34,0.21,0.24,us,us10008j8c,2017-04-20T14:23:51.209Z,""23km SSE of Helena, Oklahoma"",earthquake,1.6,5.2,0.057,80,reviewed,us,us"
"2017-04-20T11:41:26.350Z,44.4281,148.7312,60.83,5.5,mb,,116,4.419,0.81,us,us10008j80,2017-04-20T13:43:34.216Z,""111km SE of Kuril'sk, Russia"",earthquake,8,5.4,0.022,739,reviewed,us,us"
"2017-04-20T11:32:21.350Z,0.9943,-85.3405,10,4.8,mb,,179,5.375,1.32,us,us10008j7y,2017-04-20T12:00:19.040Z,""Off the coast of Ecuador"",earthquake,9.6,1.9,0.037,225,reviewed,us,us"
"2017-04-20T11:03:45.600Z,32.345,-118.3691667,5.8,2.88,ml,21,224,0.6506,0.37,ci,ci37862480,2017-04-20T18:17:18.284Z,""53km S of San Clemente Is. (SE tip), CA"",earthquake,1.43,31.61,0.142,71,reviewed,ci,ci"
"2017-04-20T09:52:16.210Z,-21.6042,-178.6814,492.22,4.6,mb,,98,4.92,1.1,us,us10008j7h,2017-04-20T10:40:12.040Z,""105km S of Ndoi Island, Fiji"",earthquake,12.4,7.1,0.039,192,reviewed,us,us"
"2017-04-20T09:44:57.450Z,40.6962,-107.8992,5,3.9,ml,,41,0.618,0.92,us,us10008j7c,2017-04-23T15:32:07.711Z,""35km NW of Craig, Colorado"",earthquake,1.7,2,0.052,98,reviewed,us,us"
"2017-04-20T09:00:53.736Z,58.0646,-138.0034,0.8,2.5,ml,,,,0.95,ak,ak15794637,2017-04-20T09:08:42.122Z,""138km WSW of Gustavus, Alaska"",earthquake,,0.3,,,automatic,ak,ak"
"2017-04-20T08:58:18.750Z,49.3216,155.972,57.44,4.2,mb,,172,3.944,0.67,us,us10008j77,2017-04-20T09:15:17.040Z,""151km S of Severo-Kuril'sk, Russia"",earthquake,6,9.8,0.115,21,reviewed,us,us"
"2017-04-20T08:42:20.710Z,49.2122,156.1707,43.72,4.8,mb,,135,4.018,0.79,us,us10008j71,2017-04-20T09:00:06.040Z,""163km S of Severo-Kuril'sk, Russia"",earthquake,6.6,6.6,0.05,126,reviewed,us,us"
"2017-04-20T06:53:55.700Z,19.288,-64.5381,42,2.9,Md,4,316.8,1.20194585,0.25,pr,pr17110002,2017-04-20T07:37:06.265Z,""96km N of Road Town, British Virgin Islands"",earthquake,2.8,16.2,0,3,reviewed,pr,pr"
"2017-04-20T06:27:09.241Z,61.4587,-146.5522,17.1,2.9,ml,,,,0.7,ak,ak15794549,2017-04-20T06:33:17.401Z,""38km NNW of Valdez, Alaska"",earthquake,,0.3,,,automatic,ak,ak"
"2017-04-20T05:07:03.640Z,48.1763333,-122.7573333,23.26,3.01,ml,36,36,0.1402,0.25,uw,uw61272661,2017-04-23T21:31:24.899Z,""7km N of Port Townsend, Washington"",earthquake,0.34,0.88,0.173,30,reviewed,uw,uw"
"2017-04-20T05:02:08.000Z,19.0737,-64.5412,35,3.2,Md,4,309.6,1.03665584,0.31,pr,pr17110001,2017-04-20T07:34:25.956Z,""73km N of Road Town, British Virgin Islands"",earthquake,2.8,20.2,0,4,reviewed,pr,pr"
"2017-04-20T04:38:37.500Z,5.4595,127.2732,130.77,4.5,mb,,108,2.322,0.74,us,us10008j67,2017-04-20T05:08:57.040Z,""157km SE of Pondaguitan, Philippines"",earthquake,7,6.8,0.072,57,reviewed,us,us"
"2017-04-20T04:33:07.110Z,36.6976,-97.667,5,2.9,mb_lg,,42,0.218,0.29,us,us10008j64,2017-04-21T04:59:57.368Z,""13km SSE of Medford, Oklahoma"",earthquake,0.9,1.9,0.054,89,reviewed,us,us"
"2017-04-20T03:39:14.740Z,37.9421,77.9066,10,4.5,mb,,95,3.783,0.76,us,us10008j60,2017-04-20T03:54:59.040Z,""57km E of Yilkiqi, China"",earthquake,8.6,1.9,0.091,36,reviewed,us,us"
"2017-04-20T03:19:10.570Z,-19.4554,-175.7472,188.78,4.4,mb,,88,5.51,1,us,us10008j5y,2017-04-20T03:38:17.040Z,""151km WNW of Pangai, Tonga"",earthquake,11.8,8.9,0.097,31,reviewed,us,us"
"2017-04-20T01:28:21.430Z,-21.65,-66.869,228.83,4.5,mb,,103,2.122,0.81,us,us10008j5m,2017-04-20T01:47:58.040Z,""103km SW of Atocha, Bolivia"",earthquake,5.8,9.9,0.204,7,reviewed,us,us"
"2017-04-20T00:23:06.400Z,48.8691,152.6715,134.97,4.3,mb,,162,5.299,0.67,us,us10008j5c,2017-04-20T00:43:58.040Z,""276km E of Vostok, Russia"",earthquake,8,9.7,0.114,22,reviewed,us,us"
"2017-04-19T23:46:58.000Z,19.054,-66.8691,30,3,Md,16,244.8,0.62522744,0.37,pr,pr17109004,2017-04-20T04:25:32.107Z,""63km NNE of Isabela, Puerto Rico"",earthquake,1.4,11.1,0,14,reviewed,pr,pr"
"2017-04-19T23:13:15.600Z,19.0489,-66.8895,25,2.8,Md,10,280.8,0.70966907,0.15,pr,pr17109003,2017-04-20T03:59:22.490Z,""62km NNE of Isabela, Puerto Rico"",earthquake,1,11.8,0,5,reviewed,pr,pr"
"2017-04-19T20:27:12.970Z,-23.9522,-66.6902,186.24,4.8,mb,,34,2.438,0.91,us,us10008j3t,2017-04-19T21:29:23.040Z,""47km NW of San Antonio de los Cobres, Argentina"",earthquake,7.8,7,0.035,251,reviewed,us,us"
"2017-04-19T19:46:08.660Z,36.7979,140.6046,10,4.4,mb,,133,1.079,1.22,us,us10008j3b,2017-04-19T20:51:01.680Z,""13km W of Kitaibaraki, Japan"",earthquake,4.8,1.2,0.054,99,reviewed,us,us"
"2017-04-19T19:24:52.630Z,-18.5908,-177.8109,525.52,4.2,mb,,78,4.021,0.72,us,us10008j36,2017-04-19T20:18:26.040Z,""246km NNE of Ndoi Island, Fiji"",earthquake,11.9,8.8,0.067,62,reviewed,us,us"
"2017-04-19T19:10:58.490Z,36.7036667,-121.339,2.6,2.63,md,54,70,0.07327,0.06,nc,nc72790881,2017-04-20T15:09:22.204Z,""12km S of Ridgemark, California"",earthquake,0.14,0.48,0.179,89,reviewed,nc,nc"
"2017-04-19T19:05:18.450Z,35.5897,-97.3773,6.15,2.5,mb_lg,,42,0.038,0.24,us,us10008j2s,2017-04-20T12:33:44.574Z,""7km N of Spencer, Oklahoma"",earthquake,0.8,2.6,0.154,11,reviewed,us,us"
"2017-04-19T17:15:34.660Z,37.3344,141.8075,38.38,5,mb,,123,0.968,0.64,us,us10008j1y,2017-04-20T10:40:03.508Z,""73km ESE of Namie, Japan"",earthquake,7.3,6.8,0.032,318,reviewed,us,us"
"2017-04-19T17:13:44.050Z,36.7764,140.6352,22.21,4.6,mb,,133,1.097,0.56,us,us10008j1z,2017-04-20T10:00:36.357Z,""9km NW of Takahagi, Japan"",earthquake,6,5.4,0.075,53,reviewed,us,us"
"2017-04-19T17:08:12.197Z,60.3727,-152.4588,98.3,2.6,ml,,,,0.54,ak,ak15794040,2017-04-19T17:19:29.717Z,""20km SE of Redoubt Volcano, Alaska"",earthquake,,0.4,,,automatic,ak,ak"
"2017-04-19T15:29:29.839Z,39.0643,-118.9232,8,2.6,ml,22,72.19,0.259,0.1292,nn,nn00586270,2017-04-19T16:04:33.750Z,""22km ENE of Yerington, Nevada"",earthquake,,1.1,0.28,12,reviewed,nn,nn"
"2017-04-19T15:16:01.940Z,27.3344,129.58,13.6,5,mb,,90,1.267,1.05,us,us10008izl,2017-04-19T15:43:45.040Z,""114km S of Naze, Japan"",earthquake,6.2,4.8,0.05,125,reviewed,us,us"
"2017-04-19T15:06:56.367Z,51.5858,-173.5116,26.2,2.8,ml,,,,0.7,ak,ak15794008,2017-04-19T18:49:54.755Z,""82km SE of Atka, Alaska"",earthquake,,2.4,,,reviewed,ak,ak"
"2017-04-19T14:35:07.200Z,-2.0108,102.5749,308.12,4.5,mb,,58,2.299,0.81,us,us10008iz8,2017-04-20T05:30:15.040Z,""124km WSW of Jambi, Indonesia"",earthquake,8.3,7.2,0.072,57,reviewed,us,us"
"2017-04-19T13:40:20.070Z,1.5086,128.2569,83.39,4.8,mb,,106,1.152,0.53,us,us10008iyz,2017-04-20T05:20:44.040Z,""36km SE of Tobelo, Indonesia"",earthquake,7.1,6.7,0.078,51,reviewed,us,us"
"2017-04-19T12:33:19.532Z,37.1653,-117.3652,10.1,2.5,ml,26,105.14,0.159,0.1907,nn,nn00586264,2017-04-19T15:20:08.619Z,""60km WNW of Beatty, Nevada"",earthquake,,1.7,0.33,18,reviewed,nn,nn"
"2017-04-19T12:18:06.670Z,31.092,-103.4914,3,2.6,mb_lg,,67,0.425,0.72,us,us10008iyf,2017-04-19T22:24:11.436Z,""36km S of Pecos, Texas"",earthquake,2.1,7.3,0.106,23,reviewed,us,us"
"2017-04-19T10:33:53.440Z,26.8983,143.8375,10,4.6,mb,,128,1.487,0.72,us,us10008iyb,2017-04-19T11:26:37.040Z,""162km E of Chichi-shima, Japan"",earthquake,9.9,1.9,0.089,37,reviewed,us,us"
"2017-04-19T08:58:39.500Z,18.6665,-65.157,59,3.2,Md,12,226.8,0.3763941,0.18,pr,pr17109002,2017-04-20T04:01:14.343Z,""43km NNW of Charlotte Amalie, U.S. Virgin Islands"",earthquake,2.1,2,0,12,reviewed,pr,pr"
"2017-04-19T08:55:51.000Z,-32.278,153.238,10,3.2,ml,,,,0.35,us,us10008k3m,2017-04-23T21:25:10.313Z,""68km SE of Harrington, Australia"",earthquake,6.5,2,,,reviewed,aust,aust"
"2017-04-19T07:21:57.390Z,-11.1916,-75.6765,30.55,4.7,mb,,158,4.519,0.85,us,us10008ix3,2017-04-19T16:26:06.239Z,""15km NNW of Huasahuasi, Peru"",earthquake,8.9,2,0.066,70,reviewed,us,us"
"2017-04-19T06:55:42.959Z,59.1781,-153.5914,97,2.7,ml,,,,0.55,ak,ak15793879,2017-04-19T07:12:12.042Z,""98km SE of Old Iliamna, Alaska"",earthquake,,0.3,,,automatic,ak,ak"
"2017-04-19T05:01:06.510Z,-14.0491,170.2435,611.92,4.8,mb,,42,7.278,1.05,us,us10008iwf,2017-04-19T05:22:00.040Z,""291km E of Sola, Vanuatu"",earthquake,11.1,6.5,0.037,229,reviewed,us,us"
"2017-04-19T04:40:53.479Z,41.8752,-119.6306,11.3,2.5,ml,7,121.47,0.145,0.1667,nn,nn00586254,2017-04-19T16:48:07.701Z,""68km ESE of Lakeview, Oregon"",earthquake,,2.1,0.33,6,reviewed,nn,nn"
"2017-04-19T04:36:51.620Z,33.1496667,-116.5265,7.53,2.77,ml,92,18,0.09082,0.18,ci,ci37628351,2017-04-21T04:58:29.265Z,""11km NE of Julian, CA"",earthquake,0.13,0.58,0.119,144,reviewed,ci,ci"
"2017-04-19T04:26:11.420Z,9.3441,125.6415,83.51,4.9,mb,,109,2.26,0.88,us,us10008iwb,2017-04-19T16:32:19.562Z,""10km ENE of Bangonay, Philippines"",earthquake,4.8,8.4,0.144,15,reviewed,us,us"
"2017-04-19T03:08:39.910Z,-38.7039,177.8798,28.65,5.1,mb,,105,0.709,1.18,us,us10008ivz,2017-04-19T07:20:43.526Z,""12km WSW of Gisborne, New Zealand"",earthquake,4.4,4.4,0.096,35,reviewed,us,us"
"2017-04-19T02:32:22.200Z,19.2915,-64.823,34,3.3,Md,7,298.8,0.95580746,0.31,pr,pr17109000,2017-04-19T04:38:12.819Z,""99km NNW of Road Town, British Virgin Islands"",earthquake,3.9,22.5,0,6,reviewed,pr,pr"
"2017-04-18T23:39:27.770Z,13.8369,-91.9579,35,4.9,mb,,143,0.729,1.25,us,us10008iur,2017-04-19T01:13:48.456Z,""51km S of Champerico, Guatemala"",earthquake,6.8,2,0.028,395,reviewed,us,us"
"2017-04-18T22:59:09.014Z,60.9527,-138.0711,9.6,2.6,ml,,,,0.95,ak,ak15792704,2017-04-18T23:07:53.028Z,""37km NW of Haines Junction, Canada"",earthquake,,0.4,,,automatic,ak,ak"
"2017-04-18T22:25:34.100Z,-35.3597,-71.2416,108.44,4.6,mb,,128,0.427,0.42,us,us10008iu6,2017-04-18T23:04:26.684Z,""27km S of Molina, Chile"",earthquake,7.9,5,0.129,18,reviewed,us,us"
"2017-04-18T22:09:40.680Z,37.3135,-118.3183333,13.03,2.71,md,30,132,0.05789,0.07,nc,nc72790536,2017-04-19T19:03:03.922Z,""8km SE of Bishop, California"",earthquake,0.51,0.76,0.216,30,reviewed,nc,nc"
"2017-04-18T20:33:49.360Z,36.5822,70.8153,194.83,4.3,mb,,77,0.575,1.48,us,us10008it3,2017-04-19T19:23:48.040Z,""31km S of Jarm, Afghanistan"",earthquake,6.8,5.9,0.084,40,reviewed,us,us"
"2017-04-18T20:19:44.560Z,-25.1475,-175.3687,10,4.9,mb,,94,7.869,1.33,us,us10008it8,2017-04-19T19:12:04.040Z,""South of Tonga"",earthquake,12.4,1.9,0.078,52,reviewed,us,us"
"2017-04-18T20:16:46.170Z,53.6511,-162.9368,10,3.8,mb,,206,1.24,1.12,us,us10008iss,2017-04-19T18:50:27.040Z,""137km SSE of False Pass, Alaska"",earthquake,6.6,2,0.169,9,reviewed,us,us"
"2017-04-18T20:10:39.768Z,59.8844,-153.3127,128.2,2.7,ml,,,,0.64,ak,ak15789887,2017-04-19T18:36:41.040Z,""77km SSW of Redoubt Volcano, Alaska"",earthquake,,0.4,,,automatic,ak,ak"
"2017-04-18T19:56:23.230Z,39.2673,71.7898,10,4.4,mb,,62,0.216,0.83,us,us10008ise,2017-04-19T18:10:40.040Z,""23km E of Karakenja, Tajikistan"",earthquake,4.3,1.9,0.082,43,reviewed,us,us"
"2017-04-18T18:25:31.656Z,61.1598,-146.6394,16.4,2.6,ml,,,,0.6,ak,ak15788977,2017-04-19T17:10:43.040Z,""13km WNW of Valdez, Alaska"",earthquake,,0.4,,,automatic,ak,ak"
"2017-04-18T18:23:59.350Z,-18.0765,-178.3526,638.62,4.5,mb,,51,3.438,1.01,us,us10008iqx,2017-04-19T17:09:07.040Z,""287km N of Ndoi Island, Fiji"",earthquake,10.9,8.1,0.041,171,reviewed,us,us"
"2017-04-18T18:23:14.400Z,19.0095,-64.9412,35,2.8,Md,3,295.2,0.69260108,0.12,pr,pr17108002,2017-04-19T17:01:08.040Z,""77km N of Charlotte Amalie, U.S. Virgin Islands"",earthquake,2.6,9.9,0,3,reviewed,pr,pr"
"2017-04-18T17:49:55.570Z,-2.7334,-75.3507,14,5.8,mww,,16,3.645,1.41,us,us10008iq5,2017-04-21T15:36:34.847Z,""259km WNW of Iquitos, Peru"",earthquake,6.3,1.7,0.044,50,reviewed,us,us"
"2017-04-18T17:11:47.030Z,-18.0797,-178.374,628,6,mww,,37,3.418,1.09,us,us10008iph,2017-04-19T14:43:19.220Z,""286km N of Ndoi Island, Fiji"",earthquake,8.4,1.9,0.071,19,reviewed,us,us"
"2017-04-18T17:11:00.810Z,-18.0426,-178.2235,633.73,4.4,mb,,69,3.558,0.82,us,us10008ipk,2017-04-19T13:59:49.040Z,""292km N of Ndoi Island, Fiji"",earthquake,11.3,8.7,0.043,155,reviewed,us,us"
"2017-04-18T17:08:43.040Z,-18.0988,-178.2957,634.64,4.6,mb,,79,3.494,0.95,us,us10008iqg,2017-04-19T14:02:53.040Z,""285km N of Ndoi Island, Fiji"",earthquake,10.3,5,0.034,256,reviewed,us,us"
"2017-04-18T16:35:50.988Z,60.4711,-153.26,159.5,2.5,ml,,,,0.6,ak,ak15787216,2017-04-18T16:42:58.502Z,""28km W of Redoubt Volcano, Alaska"",earthquake,,0.5,,,automatic,ak,ak"
"2017-04-18T16:11:23.664Z,38.2793,-118.7632,6.6,2.9,ml,30,37.77,0.178,0.2475,nn,nn00586089,2017-04-20T00:09:09.868Z,""29km SSW of Hawthorne, Nevada"",earthquake,,2.3,0.43,15,reviewed,nn,nn"
"2017-04-18T14:18:13.257Z,57.1175,-156.3043,62.5,2.9,ml,,,,0.63,ak,ak15786361,2017-04-18T14:31:10.080Z,""147km WSW of Larsen Bay, Alaska"",earthquake,,0.8,,,automatic,ak,ak"
"2017-04-18T13:27:30.800Z,36.1984,-97.4307,3.58,2.8,mb_lg,,24,0.169,0.12,us,us10008ikj,2017-04-18T22:44:21.940Z,""16km SW of Perry, Oklahoma"",earthquake,1,3.9,0.061,70,reviewed,us,us"
"2017-04-18T12:33:53.710Z,-31.844,-71.428,51.71,4.6,mwr,,73,0.723,1.44,us,us10008ikb,2017-04-19T00:28:33.634Z,""34km SW of Illapel, Chile"",earthquake,5.6,4,0.041,56,reviewed,us,us"
"2017-04-18T11:59:33.529Z,61.5051,-145.8661,29.1,3.8,ml,,,,0.74,ak,ak15784653,2017-04-19T03:31:59.553Z,""49km NNE of Valdez, Alaska"",earthquake,,0.2,,,reviewed,ak,ak"
"2017-04-18T09:23:26.770Z,35.649,-121.0133333,7.06,2.54,md,70,63,0.08162,0.07,nc,nc72790146,2017-04-22T04:47:02.946Z,""11km NNE of Cambria, California"",earthquake,0.11,0.43,0.149,60,reviewed,nc,nc"
"2017-04-18T09:13:10.470Z,20.7154,100.0975,10,4.7,mb,,56,0.548,0.89,us,us10008ijh,2017-04-18T13:05:18.810Z,""38km NE of Mae Sai, Thailand"",earthquake,7.5,1.9,0.057,95,reviewed,us,us"
"2017-04-18T07:20:42.280Z,61.4837,-149.6714,28.4,3,ml,,,,0.91,ak,ak15781332,2017-04-23T18:16:40.842Z,""4km SW of Knik-Fairview, Alaska"",earthquake,,0.2,,,reviewed,ak,ak"
"2017-04-18T07:12:07.580Z,-18.8469,-177.5916,617.07,4.9,mb,,48,4.28,0.74,us,us10008iit,2017-04-18T07:32:02.040Z,""230km NNE of Ndoi Island, Fiji"",earthquake,13,7.5,0.089,39,reviewed,us,us"
"2017-04-18T07:11:55.860Z,-19.2135,-70.0166,66.93,4.6,mb,,138,0.406,0.84,us,us10008iis,2017-04-18T10:41:46.290Z,""87km SSE of Arica, Chile"",earthquake,5.3,7.9,0.105,27,reviewed,us,us"
"2017-04-18T05:11:54.590Z,33.9101,76.4487,42.7,4.6,mb,,107,5.311,1.18,us,us10008ii5,2017-04-18T05:57:57.040Z,""79km SSE of Kargil, India"",earthquake,8.7,7.4,0.085,41,reviewed,us,us"
"2017-04-18T04:12:38.901Z,52.7771,-168.2865,43.3,3.6,ml,,,,0.65,ak,ak15780473,2017-04-18T17:29:39.302Z,""43km ESE of Nikolski, Alaska"",earthquake,,2,,,reviewed,ak,ak"
"2017-04-18T01:48:43.290Z,-21.7881,-68.307,113.04,5.2,mb,,32,0.868,1.22,us,us10008ihl,2017-04-18T02:07:48.040Z,""99km NE of Calama, Chile"",earthquake,6.1,5.5,0.027,440,reviewed,us,us"
"2017-04-18T00:38:13.210Z,37.072,-97.985,7.51,2.7,ml,,143,0.097,0.23,us,us10008jfa,2017-04-24T05:00:45.178Z,""9km SSE of Anthony, Kansas"",earthquake,1.3,3.3,0.162,17,reviewed,ismp,ismp"
"2017-04-18T00:37:34.160Z,37.0723,-97.9828,7.49,2.5,ml,,142,0.096,0.45,us,us10008ihf,2017-04-24T04:38:48.040Z,""9km SSE of Anthony, Kansas"",earthquake,1.3,4.1,0.142,18,reviewed,ismp,ismp"
"2017-04-17T23:26:03.680Z,57.0415,162.3535,35,4.1,mb,,145,4.555,0.67,us,us10008ihe,2017-04-24T04:23:55.040Z,""90km N of Ust'-Kamchatsk Staryy, Russia"",earthquake,8,2,0.101,27,reviewed,us,us"
"2017-04-17T23:04:36.490Z,36.5405,70.8619,194.44,5.1,mb,,30,0.627,0.73,us,us10008igs,2017-04-23T05:28:03.227Z,""36km S of Jarm, Afghanistan"",earthquake,5.5,4,0.033,301,reviewed,us,us"
"2017-04-17T22:57:46.370Z,55.5084,-35.2587,10,4.5,mb,,129,17.973,0.56,us,us10008igw,2017-04-18T01:12:25.040Z,""Reykjanes Ridge"",earthquake,12.6,1.9,0.066,68,reviewed,us,us"
"2017-04-17T21:38:51.790Z,52.1957,157.3763,129.28,5,mb,,100,0.934,0.72,us,us10008ige,2017-04-17T21:58:03.040Z,""97km NE of Ozernovskiy, Russia"",earthquake,9.2,5.7,0.026,481,reviewed,us,us"
"2017-04-17T21:25:20.980Z,-21.5181,-68.5309,133.22,4,mb,,73,0.717,0.55,us,us10008ig0,2017-04-17T21:49:56.040Z,""112km NNE of Calama, Chile"",earthquake,6.8,6.6,0.212,6,reviewed,us,us"
"2017-04-17T21:19:14.700Z,46.4008333,-116.9125,-2,2.65,ml,10,68,1.092,0.36,mb,mb80206099,2017-04-17T23:25:04.790Z,""5km ENE of Lewiston Orchards, Idaho"",quarry blast,1.27,31.61,0.006,2,reviewed,mb,mb"
"2017-04-17T21:14:29.580Z,-22.3726,-69.8825,65.21,4.9,mb,,67,0.249,0.85,us,us10008ifs,2017-04-17T21:41:42.040Z,""44km SE of Tocopilla, Chile"",earthquake,3.4,1.2,0.066,71,reviewed,us,us"
"2017-04-17T20:32:28.120Z,38.7723333,-122.7381667,0.19,2.58,md,36,71,0.01095,0.07,nc,nc72789896,2017-04-18T04:35:10.783Z,""1km ESE of The Geysers, California"",earthquake,0.14,0.24,0.192,6,reviewed,nc,nc"
"2017-04-17T20:31:45.180Z,38.774,-122.7223333,1.35,3.73,mw,94,26,0.004049,0.08,nc,nc72789886,2017-04-22T04:46:52.172Z,""2km E of The Geysers, California"",earthquake,0.09,0.11,,4,reviewed,nc,nc"
"2017-04-17T20:30:40.700Z,19.8272,-64.1735,24,2.6,Md,3,342,1.59091637,0.05,pr,pr17107040,2017-04-18T13:58:08.040Z,""148km NNE of Road Town, British Virgin Islands"",earthquake,3.3,9.5,0,3,reviewed,pr,pr"
"2017-04-17T19:56:25.600Z,19.4533,-65.7086,35,3.2,Md,11,273.6,1.18218291,0.18,pr,pr17107039,2017-04-18T14:01:01.040Z,""112km N of Vieques, Puerto Rico"",earthquake,1.7,13,0,10,reviewed,pr,pr"
"2017-04-17T19:18:08.000Z,-23.74,-67.979,154.6,4.3,mb,,,,0.53,us,us10008ieq,2017-04-18T16:57:44.040Z,""94km SSE of San Pedro de Atacama, Chile"",earthquake,6.8,7.4,0.239,5,reviewed,guc,us"
"2017-04-17T19:14:31.330Z,-13.2225,166.4742,35,4.9,mb,,61,7.422,0.95,us,us10008ies,2017-04-17T23:42:43.040Z,""137km WNW of Sola, Vanuatu"",earthquake,5.4,1.9,0.052,118,reviewed,us,us"
"2017-04-17T18:58:48.310Z,-3.1462,138.9309,29.64,4.7,mb,,69,6.676,0.74,us,us10008iei,2017-04-17T23:21:00.040Z,""192km WSW of Abepura, Indonesia"",earthquake,9.1,3.7,0.07,62,reviewed,us,us"
"2017-04-17T18:57:27.620Z,27.7378,130.2658,11.96,4.9,mb,,70,1.988,0.83,us,us10008iey,2017-04-17T23:02:09.040Z,""103km SE of Naze, Japan"",earthquake,7.7,4.8,0.048,138,reviewed,us,us"
"2017-04-17T17:42:33.480Z,-38.5475,175.9473,181.9,4,ml,,86,0.749,0.61,us,us10008idy,2017-04-17T21:31:53.040Z,""19km NW of Taupo, New Zealand"",earthquake,7.5,9.3,0.056,42,reviewed,us,us"
"2017-04-17T17:39:01.550Z,34.58,140.401,76.49,4.8,mb,,110,1.54,0.66,us,us10008idv,2017-04-18T10:19:44.104Z,""62km S of Katsuura, Japan"",earthquake,5.8,7.6,0.084,44,reviewed,us,us"
"2017-04-17T17:14:05.090Z,55.5504,-35.2804,10,4.6,mb,,92,17.953,0.6,us,us10008idu,2017-04-17T21:16:47.040Z,""Reykjanes Ridge"",earthquake,2.4,1.9,0.048,131,reviewed,us,us"
"2017-04-17T15:50:19.650Z,34.6469,25.3039,25.07,4.3,mb,,122,0.724,0.84,us,us10008idh,2017-04-17T17:17:28.040Z,""41km SSE of Pirgos, Greece"",earthquake,7.7,6.8,0.099,29,reviewed,us,us"
"2017-04-17T15:18:50.921Z,63.0637,-150.9403,125.9,2.8,ml,,,,0.49,ak,ak15773954,2017-04-17T16:02:08.976Z,""92km NNW of Talkeetna, Alaska"",earthquake,,0.5,,,automatic,ak,ak"
"2017-04-17T14:48:23.008Z,61.5896,-146.5716,15.7,2.6,ml,,,,0.74,ak,ak15773932,2017-04-17T14:58:04.741Z,""52km NNW of Valdez, Alaska"",earthquake,,0.3,,,automatic,ak,ak"
"2017-04-17T14:35:21.450Z,-16.1285,-173.8599,101.72,5.1,mb,,58,2.986,0.54,us,us10008id2,2017-04-17T16:37:02.040Z,""22km SSW of Hihifo, Tonga"",earthquake,8.4,5.5,0.05,131,reviewed,us,us"
"2017-04-17T14:33:02.010Z,-59.5453,-20.2819,10,4.9,mb,,92,10.296,0.69,us,us10008id4,2017-04-17T15:28:50.040Z,""East of the South Sandwich Islands"",earthquake,7.2,1.9,0.099,32,reviewed,us,us"
"2017-04-17T13:55:20.630Z,9.1097,126.4661,41.34,4.6,mb,,82,2.209,0.43,us,us10008icy,2017-04-17T15:17:45.040Z,""25km NE of Bayabas, Philippines"",earthquake,10.6,7.5,0.082,45,reviewed,us,us"
"2017-04-17T13:29:35.000Z,-19.176,-70.124,58.4,4.5,mb,,,,1.36,us,us10008icv,2017-04-17T14:45:26.363Z,""79km SSE of Arica, Chile"",earthquake,4.4,6.5,0.18,9,reviewed,guc,us"
"2017-04-17T13:04:01.400Z,19.1611,-64.79,40,2.5,Md,4,306,0.82555175,0.1,pr,pr17107035,2017-04-17T16:46:01.040Z,""90km NNW of Road Town, British Virgin Islands"",earthquake,2.6,8.5,0,4,reviewed,pr,pr"
"2017-04-17T12:47:09.800Z,19.2682,-64.8196,46,2.5,Md,4,309.6,0.93245126,0.03,pr,pr17107033,2017-04-17T15:50:22.896Z,""96km NNW of Road Town, British Virgin Islands"",earthquake,2,6.8,0,4,reviewed,pr,pr"
"2017-04-17T12:24:53.300Z,19.2819,-64.8653,39,2.5,Md,5,309.6,0.94862094,0.1,pr,pr17107031,2017-04-17T14:20:32.222Z,""99km NNW of Road Town, British Virgin Islands"",earthquake,2.3,10.3,0,4,reviewed,pr,pr"
"2017-04-17T12:18:19.700Z,19.2227,-64.884,41,2.8,Md,4,306,0.89292539,0.07,pr,pr17107030,2017-04-17T14:06:35.576Z,""93km NNW of Road Town, British Virgin Islands"",earthquake,2.3,8.1,0,4,reviewed,pr,pr"
"2017-04-17T11:58:44.090Z,64.6089,-17.9399,7.81,4.2,mb,,142,1.463,1.04,us,us10008icd,2017-04-17T12:16:39.040Z,""120km S of Akureyri, Iceland"",earthquake,6,5.8,0.128,17,reviewed,us,us"
"2017-04-17T11:07:21.300Z,36.1256667,-89.733,7.6,2.5,md,34,40,0.02573,0.13,nm,nm60160937,2017-04-19T18:29:48.433Z,""9km ENE of Steele, Missouri"",earthquake,0.17,0.41,0.132,34,reviewed,nm,nm"
"2017-04-17T09:40:13.170Z,29.8778,140.2983,50.66,4.6,mb,,96,3.23,0.97,us,us10008ibw,2017-04-17T11:04:28.040Z,""Izu Islands, Japan region"",earthquake,3.5,7.7,0.058,88,reviewed,us,us"
"2017-04-17T08:31:06.640Z,17.4817,-61.159,10,4.3,mb,,176,0.625,0.92,us,us10008ibk,2017-04-17T13:04:40.040Z,""71km ESE of Codrington, Barbuda"",earthquake,5.7,1.9,0.094,33,reviewed,us,us"
"2017-04-17T07:49:22.800Z,6.7451,-72.9994,151.73,4.5,mb,,82,0.85,0.87,us,us10008ibd,2017-04-17T08:10:42.040Z,""6km NNE of Aratoca, Colombia"",earthquake,3.3,8.4,0.041,176,reviewed,us,us"
